PC1,PC2,Cluster,Attrition
-0.4070417001311958,0.29408156741314867,0,Yes
0.5652923102604199,-1.2569893309750237,0,No
-2.478138904692228,1.2833602279962495,0,Yes
-0.8736265451667119,-0.45076627421951015,0,No
-1.849249079213197,1.3011565231317401,0,No
-0.6355659672496088,-1.135123543276175,0,No
-1.1962786023589826,2.608448847636782,0,No
-2.8202142991769006,0.3120734499221578,0,No
1.015803217835929,-1.7522787411923375,1,No
1.2780364747477984,1.1623776865774034,1,No
-1.4848159862146375,0.17845536851665605,0,No
-0.22506496653996474,-1.175095272527552,0,No
-1.5275657493578514,-0.4732691825350622,0,No
-2.01892184024977,0.7383447901781179,0,No
-1.9533403803005611,0.03335951822539443,0,Yes
2.0674050825510255,-0.29761379181511266,1,No
-1.4433817561439226,0.1826397893606419,0,No
-2.9970883660470746,1.021716721604374,0,No
4.858827083004489,0.042927168777234175,1,No
-1.651226100096307,0.2855785002068276,0,No
-1.6245463375388565,-0.33221295331966927,0,No
-1.2924273816927974,-0.9298094188857219,0,Yes
1.8557384689201677,-1.1931888818260603,1,No
-3.5216454777358286,-0.8772078620541429,0,No
-1.7991863898507887,-0.4659586604170659,0,Yes
5.215545517425254,1.6032078779359153,1,No
-0.5138639974557073,-2.6568237352689765,0,Yes
0.4957542680030185,-0.7664054484327194,0,No
4.287918006611921,-0.4245029864309026,1,No
2.1310315619309277,2.016364201879076,1,No
-2.3054277178042604,0.9752196981657675,0,No
-0.40212791246141083,1.3505527206019299,0,No
-1.1342556206266456,-1.1385488170152493,0,No
-1.3740576399349202,0.06999993098893112,0,Yes
-2.605200094801682,-0.0327690579449618,0,Yes
-1.1125719665542384,0.7451895470637846,0,No
-1.7767025904560392,-0.6069100028312983,0,Yes
-2.1134115383814565,-1.2351735765181353,0,No
-1.9047003069484063,1.9671815639900965,0,No
-0.7355449714723862,-0.5699449554169717,0,No
-2.668510716433789,1.004913369510024,0,No
-2.6011721963800505,1.0750324021403674,0,No
-2.870536002646334,-0.018261394315159447,0,Yes
0.5908381839894801,-2.0363639953201824,1,No
0.4728080617490096,-2.115481502385788,0,No
6.248588673058684,-1.3865708906306882,1,Yes
0.5211507759791618,-3.0587071497991993,0,No
-2.286540932465228,0.144960668891886,0,No
0.6669479351002434,-1.3089034424473043,0,No
-2.6859107630120302,0.3379687898478758,0,No
-0.14384651862635278,3.119502280442892,0,Yes
-2.159204810211478,-0.08194337953913051,0,Yes
-0.28038131292187235,0.6649576557847604,0,No
-0.22743967133721454,1.4095548524630521,0,No
-1.8872324212971283,0.26347978837615776,0,No
3.442321820705304,-2.2642166713721545,1,No
1.1480024040225025,-1.5754903219246876,1,No
-1.51795153100201,0.8950775499393621,0,No
0.29968824214675277,-0.001897024529638109,0,No
0.0009517612961098499,0.11792602865944707,0,No
0.8658013342075563,-1.9869814399417345,1,No
0.9557747661648786,-0.9630033198474608,1,No
5.896756325482311,0.9407759609648401,1,No
4.835332414985895,-0.8835297435744769,1,No
3.894235422331532,-0.4251441684695035,1,No
1.690237889050048,3.333479361135304,1,No
-0.726654944154008,-0.17209975918185164,0,No
0.2436834121693436,2.4372747631643588,0,No
-1.8692236888914533,0.6224546001106789,0,No
-2.605096442903769,0.27421686161181846,0,Yes
0.3859306462532066,0.8166249746331026,0,No
-1.6464519181237898,-1.07338883509162,0,No
-2.7104352071493305,-0.36707409549202946,0,No
0.11051722473111197,-0.5687814887754452,0,No
-2.2333436215343476,1.0608283102537586,0,No
0.382918270144651,-1.7306907317501254,0,No
1.5633979993468732,-2.8259832580058912,1,No
0.04629373221419191,2.109239821119022,0,No
0.4024178857033577,0.8179394637073459,0,No
-0.27703668475364784,3.0891521253675243,0,No
-0.24895876105719428,0.2026600003442431,0,No
-1.4964204781919173,-1.2372513677166828,0,No
0.4788720723149985,1.4326007748696739,0,No
1.7777032510728534,0.37143260529430927,1,No
-1.2957405941431666,0.12100431370395505,0,No
1.741831955882363,1.9054778326261994,1,No
-3.1133983176994797,-0.5201856347626493,0,No
-0.9331523644265262,1.1240207621712786,0,No
1.5157011564436005,-0.9437861582280255,1,No
1.3730460050009203,-1.9271890054399134,1,Yes
4.287847365712726,-0.4939299129234288,1,No
0.08951829306185642,-1.289228048661679,0,No
0.5036921000335489,-1.098656107150917,0,No
2.8328156002504494,0.44073635211610995,1,No
0.7449685820383889,-2.2224738848970715,1,No
1.1750706793354984,2.8830548092940522,1,No
-1.9596527096844225,-1.8639194815768507,0,No
-1.2733066119671628,-1.9384570818296076,0,No
5.864264744965973,-1.2512278056808745,1,No
-0.5072003176830704,1.4733145043326248,0,No
-1.552949175446029,1.8370179419736752,0,Yes
-2.9454097101766097,-0.18022595627099983,0,No
-3.024543369534692,-0.5965596325342818,0,Yes
1.83735340190884,-2.3530028919755366,1,No
-0.9979262240433622,2.6587415807460064,0,No
3.2448480037264953,4.113748510709944,1,No
3.1828113564622296,1.7429089204563113,1,No
-1.2195794684955785,-1.5075207160791053,0,Yes
-2.500232329127236,-0.24475391316662576,0,No
-3.101666127719122,-0.3703148553052443,0,No
3.923329485184875,-0.8342143531898453,1,No
-0.0041941079448605785,-1.3652727537580986,0,Yes
2.5614415466402707,1.8516198166718103,1,No
-1.9703643497701495,-0.2537340621121242,0,No
-1.3136769913595636,1.929153587156056,0,No
-0.1936110588478629,-0.5501523694243777,0,No
2.158042425507165,-1.0535494149422802,1,No
1.0068918547139432,-1.7684550091283444,1,No
-2.13998636165669,1.068469099219798,0,No
5.167856723019546,-1.0716278022020795,1,No
-0.23776106957094134,-1.113275037950805,0,No
-0.18317157109642707,-1.8146494016890533,0,No
0.04104668246320475,1.976363226237404,0,Yes
7.3226404649208305,-1.4282134481036293,1,No
0.7705511319735124,-1.6581483093128866,1,Yes
-1.5210123913623208,-1.3588256468485032,0,No
6.920171491625167,-0.26394440377885114,1,Yes
-3.635210074550973,-1.8552647394653232,0,Yes
-2.6764385410343374,-0.21878060039992647,0,No
2.685465057209534,-0.8999556576523587,1,No
-0.7768906037310916,0.6576071339065761,0,No
0.3012516213223581,0.5140318705339094,0,No
-1.39838375194611,-0.40467940910204475,0,Yes
0.9745996213304722,-0.14419744212720667,1,No
-0.3787583109635064,-1.073296373138231,0,No
-1.2327067037581645,1.5066612889035804,0,No
0.731772510313987,1.2350808967618387,0,Yes
2.3083238792673955,-1.4796723473659186,1,No
-1.260875152021422,-1.0188060203230793,0,No
0.8843293368506955,-0.11417591092622091,1,No
-1.0521164023300769,-0.15460296110244653,0,Yes
-0.9114283273168422,0.3162964194758578,0,No
-0.43475251153545896,-0.295277275912028,0,No
-1.6894681747197142,-1.0934875387644127,0,No
-0.05144763615664083,-1.4694983645005444,0,No
-1.5531590459506974,0.7323579465007231,0,No
-1.939330216576921,-0.7919218210142552,0,No
3.158923923436864,1.5799864426482453,1,No
-1.3015429848095106,0.7247305184202758,0,No
-3.3639790566636645,-0.3470486258933679,0,No
2.3837645464352115,-1.0543338723590956,1,No
0.8574377189012029,-0.6584115818604656,1,No
0.5328531478812341,-1.203651987512087,0,No
2.455321208734087,0.7011197087434375,1,No
0.9674330298140988,-2.1706857050361994,1,No
-0.0203402733494511,-1.1883796295328728,0,No
-0.9976641733940249,1.5113727760513462,0,No
-1.4760037512942763,1.317469827930945,0,No
2.60704786333374,-0.5801838987849297,1,No
-1.5491832807747592,-0.3546263380769937,0,No
-2.677805921841014,-1.528631358925629,0,No
-1.955163925261922,0.7415915474721084,0,No
-2.0758804109452917,-0.24527003987439808,0,No
0.9284602962497202,2.6434841206599233,1,No
-2.706088045572806,0.3862964254307685,0,No
2.9776675791937532,1.5448277354824265,1,No
0.32035803047895767,-0.1390123995183665,0,No
1.473078507277291,-1.424457712986313,1,No
0.24846632778247923,-1.486154754857432,0,No
-1.2246552408132803,-1.1572634418671124,0,No
-2.0760074896201473,-0.3653545900628557,0,No
-3.6010200265075576,-3.0680220972439303,0,Yes
-0.1848542219194809,-0.3684682104882591,0,No
1.320618551776291,-0.9158436234475563,1,No
-0.3867090793571769,0.33219999095569425,0,No
-0.1709222854548404,1.8620371491197707,0,No
-2.3260418979372344,-0.7961016861433127,0,No
-3.241918104438518,-1.1049715443055252,0,Yes
4.9027947799594,-2.4107071580088344,1,No
-2.0672825883348858,0.0701968233655624,0,No
-1.8424640930071094,0.2481988989215906,0,No
-1.843011487245578,-0.48421426330393375,0,No
-1.8540903685658068,-1.839780165055857,0,Yes
-1.3460434126162943,1.3203321449721483,0,No
-0.5273589832490775,1.621208465562598,0,No
-0.5913242781812809,-0.9785058485555896,0,No
4.746065407528424,-0.5447772408776899,1,No
6.963629595394267,0.5945613131729395,1,No
0.834222607003564,-1.2250522360492329,1,No
1.949318238640046,1.6237550168390014,1,No
7.922552956812338,-1.1636221537741853,1,No
-1.4125310976571066,-1.1428276627367489,0,No
-1.6199125349125114,0.8568146772427269,0,Yes
-0.9825226986181844,1.0332588011805979,0,No
4.672076571477718,0.17203020157792148,1,No
-0.35644841463650917,-0.6457584459678333,0,No
-0.8082361927853576,0.5273409596999009,0,No
-0.6000377677258647,0.53664353128375,0,No
-1.0217537258107214,2.677390532487532,0,No
0.1895876724945243,-0.22879031221846904,0,No
-1.812714908459651,0.39137914732316537,0,No
0.7068342992932998,0.8625889751243078,1,No
-1.558226326516058,0.07249666375588501,0,No
0.1790051477343564,1.4404647268193425,0,No
-1.0370041389371047,2.3733664836215365,0,Yes
0.6560613738967879,-1.7842486459526452,1,Yes
-2.1583002373994726,-0.034314878870875754,0,No
-1.2026167825093086,-0.9963988540427424,0,No
-0.8792245331155849,2.701933096228534,0,No
0.7613610357993607,3.4296319077580555,0,No
2.383882559420103,-2.1371592955722267,1,Yes
1.2214897262385083,-2.2483776861642193,1,No
-0.039608708119218516,-1.8396031804671966,0,No
2.6442054776102673,1.3060762204521934,1,No
-1.689688742706552,-0.08990280397996993,0,Yes
-0.09646152377213253,1.1422679298317484,0,No
-0.9577201854440167,-0.717675165999776,0,Yes
-1.7076075771253385,-0.978277503646281,0,Yes
3.623956505297678,-1.6403922473155277,1,No
0.3469756050164394,0.37922164320344254,0,No
1.526095866557914,0.005321892918166815,1,No
-1.745665488668398,-0.08437332950793536,0,No
1.3789114420204571,0.4457954679839405,1,No
3.1468497284599404,-1.8313285759674518,1,No
-0.889065022917091,-0.18812688414012355,0,No
-1.698545095250444,1.090131310998701,0,No
0.6215535725277718,-1.5683213051651823,0,No
0.6457371321312717,-1.9341854444918198,1,No
0.8291491454890056,-1.949508599959996,1,No
-2.4724094185680587,-0.9226247350504349,0,Yes
-1.1279644146880943,1.5707515568280817,0,No
6.544582149470289,-1.9355223170632616,1,No
-0.9289694526099612,2.919624692515155,0,No
3.358264345108619,2.741784529019473,1,No
-1.2636416129146553,1.0486709857934742,0,Yes
4.060484793399301,-0.5544004374889404,1,No
-0.048407149592863186,-0.5749397930969781,0,Yes
7.411640368715165,-1.7451843696736802,1,No
-1.6976867587063638,-0.9707841761805259,0,No
-1.9735179015633586,-0.02037740975799723,0,Yes
-1.2236477389408968,2.8221286643589876,0,No
-1.4843821606364438,-1.2822477494261484,0,No
-1.2304875548370668,1.7431571562097328,0,No
0.48891969632775867,-0.8041221399956322,0,No
3.79677914302486,1.2139278050668558,1,No
0.07970831613641019,2.4044979928267316,0,No
-2.1014055244602776,0.1331094404413816,0,No
1.52055899587399,-0.015158986435051938,1,No
-1.3273147863438677,0.6301580218367511,0,No
-0.6266383867246121,1.8122598015878455,0,No
-0.2860779923627093,2.69468285173732,0,Yes
3.297831499410436,-1.6995432702648243,1,No
-1.4138569283235816,-1.5192535773107623,0,No
-0.8883070470483663,0.8184719398894086,0,No
-1.1674138943844063,-0.06457208947768035,0,No
-1.4603730651287676,0.196314984951145,0,No
0.6439242746752533,-0.514579880693954,0,No
4.245057438050114,-0.1553496989330182,1,No
-2.2116080696606506,1.1658923399931604,0,No
-1.468783492803706,-1.050084351666414,0,Yes
-1.9130805184507291,0.1253870164649032,0,No
0.7719026043011963,-1.3836240836670834,1,No
-1.2988320018728852,-0.017064698094882726,0,No
3.662598334792434,0.4770679345890316,1,No
-2.625193634378163,0.7405074319343671,0,Yes
-1.800517949522555,0.1581850693036543,0,No
0.2041284154616065,-0.791554272006795,0,No
-0.9019022794207265,0.9007421579177161,0,No
3.6712154111770605,0.0011512892030374334,1,No
2.2877891082263897,-1.8643091615166658,1,No
7.129852418493565,-0.5150211248832086,1,No
2.60366240305605,0.039590066919677626,1,Yes
-2.008720601039559,-0.8988175630457071,0,No
-0.8470654261661758,-0.07798108822208266,0,No
-2.7982234193498305,-1.283441940095278,0,No
0.47312312298907566,1.506185350767034,0,No
1.2558869728298419,1.4273553045070115,1,No
0.10022676428859732,-1.7105416486894383,0,No
-0.7347418239197722,-0.43750068522724556,0,No
3.419699454271463,2.264503132383981,1,No
2.1810664948284924,2.7156824227894365,1,No
3.0577789439144807,-3.7150599013673857,1,No
-0.0846674142482996,-2.8261752449061968,0,No
1.0248511036120755,0.2203374364652272,1,No
-1.0778978221889328,0.17190861651141048,0,No
1.3475046544983476,-2.202820047635147,1,No
-1.2192341045042578,1.9899266546786953,0,Yes
-0.536454754662001,3.0813568523892547,0,No
-1.9851663233229293,1.0865877869104597,0,Yes
-2.061326764275329,-1.51396344509429,0,No
2.3415565236572062,3.037195734517422,1,No
0.014430705699521203,-0.5852165979214994,0,No
-2.0468776679249028,-0.8448371146570494,0,No
0.08262422243090035,-2.2174104889528135,0,Yes
-1.8218306654896654,0.4109829575900136,0,No
3.434162382598447,-0.251174759734818,1,No
-3.369909564203751,-0.19899568330580356,0,Yes
1.828789152384503,-1.6157819355480945,1,No
-2.1430894442518578,1.823209155845228,0,No
-0.25467747970966387,2.2077614776583676,0,No
3.3719382654994163,-0.6094960737786268,1,No
-3.5262942982606407,-1.8177022331961474,0,No
-0.6012131191308197,-0.45394781052595096,0,No
0.6999673818319015,-1.3585013839020694,1,No
2.7047272184691207,0.4094523685247437,1,No
0.8011622483761586,0.6340776028795599,0,No
1.0147697830311218,-1.7996745422889044,1,No
1.2538275226821296,0.7103769436488895,1,No
0.3433500661064576,2.214630401601739,0,No
-1.6743059473101243,-0.19598612908960986,0,No
-1.203575650474642,1.9683812698124652,0,No
3.984002132775564,-0.596068126805252,1,No
-1.9947089997083711,-0.09142858547495976,0,No
2.213491050347522,0.7725026732121527,1,No
4.569498184247251,-1.0974985354527473,1,No
-0.15577535328083048,-1.4360276098744647,0,No
2.1467323525354227,2.6133103788394934,1,No
0.8040641939791495,-0.0829663044449706,1,Yes
-2.0970018764391116,-0.5572063583833906,0,No
2.054080976315535,-3.161158886265927,1,No
-1.3651476449995072,-1.4494418526585529,0,No
0.5215768009997876,-0.013349249198047114,0,No
0.007010500411586458,0.05602074106676435,0,No
-1.8650630484566373,0.34470389865326756,0,Yes
0.5301048513064899,-0.965531261049356,0,No
1.801770722242404,-2.244072162065858,1,No
4.704947166047117,-0.5848357072282255,1,No
-1.5030956089690346,0.2198146830060931,0,Yes
-0.8189923323569708,-1.6040231791057802,0,No
2.1068583923822706,3.056492309777251,1,No
0.005409593323288765,0.9583857042316064,0,No
-1.0767894870851376,-1.3848985845873474,0,No
0.24357278470859126,0.9212416467581401,0,No
-0.3504527138631773,3.3404773168128177,0,No
1.7820912134370583,0.20735259391270955,1,No
-0.9624598345693074,-0.45028682210050036,0,No
-0.8069062869239568,-0.6621797467433362,0,Yes
-1.8263671098195837,-0.5838547308329626,0,No
0.14987587771422287,-0.8259093618654566,0,No
-0.11225769456980096,-1.7659945218895343,0,No
-0.5785234588210953,1.944867315138312,0,No
1.9270982935053078,-0.628420197964775,1,No
1.5641616788684656,-1.3460485547705145,1,No
0.010834501512452185,-1.5342543149870267,0,No
1.9383454413219652,-1.200365997813024,1,No
-2.3470221493258063,0.1972028785345892,0,No
-0.5952233288962494,0.8929099632832305,0,No
-2.123208214921937,-0.4132325526339185,0,No
0.5657153132209172,1.6681196618771967,0,No
-1.5861276800168886,-0.9626686373574357,0,No
-1.945269395113758,1.4598553114705246,0,No
-1.2139042658271197,0.10749523019139517,0,No
-0.191600558192615,1.0845947501957247,0,No
0.9792756809386436,0.4477645731435435,1,No
-1.4964123084561145,-0.2296915025650533,0,No
0.3325715936833182,-2.2294198369434803,0,No
-1.098430160220196,1.0628118983595842,0,No
-2.742402607670986,-2.2764948047483733,0,Yes
-1.58361965195919,-0.2986397783078572,0,No
2.2643925092694603,-1.4303420299875738,1,No
0.17771241279361552,2.305135821163405,0,No
-0.040147669643339046,0.5055409191282537,0,No
-2.625107798507324,-3.1612117348997373,0,No
-2.7952397459135785,-1.2436129661406954,0,Yes
-0.619831077913968,0.9911404804785133,0,No
-1.2965614464411057,1.117828143402115,0,No
0.9808840211853941,-2.508097184171465,1,Yes
0.9978817988598744,2.270158589037435,1,No
-0.8214343513083971,-0.40311092653977004,0,Yes
-2.1197800493760783,-1.0317757465086845,0,No
-3.1111023817758507,-1.2170054767637561,0,Yes
-1.9777201244263203,0.5217419681104609,0,No
-1.2093894100692624,2.313068163348558,0,No
-1.7239622447903356,0.6582651902787257,0,No
-0.5490540809142987,-1.7294319591472802,0,No
0.9610003474137883,2.241115290408011,1,No
0.9260838047905475,0.10491219995692375,1,No
-1.6752663181059724,0.5182036759159383,0,No
-0.9652411946312287,-0.04202991243619955,0,Yes
2.514161675169672,2.3324621513734387,1,No
-1.3873759356655524,-0.32977444475871004,0,No
-3.0976131602528225,-1.2985820696796668,0,No
-1.894561280577599,-2.2909495929429102,0,Yes
-2.518949463305328,-0.45865518306170655,0,No
1.0612217431036295,-1.5101077774420908,1,No
-2.811917616525455,-0.09124363342324801,0,Yes
2.942633775683786,-1.2474266090465156,1,No
-0.36505850773447013,0.7396134645175679,0,No
-1.066993093455,1.3997800207359168,0,No
-1.0994744110838244,1.4056018038256626,0,No
4.4478254688014855,-0.13489711277995975,1,No
-0.9504742313547159,1.6405681426616106,0,No
2.4313202466893866,2.883025658492857,1,No
-0.9713522094723391,0.7013785498175874,0,No
1.3426672221343248,-1.7975878332045405,1,No
-1.3437095354452482,0.9961894443810848,0,No
-0.6152338007349707,2.1503169764581003,0,No
-1.44732113047551,-1.7652038135405335,0,No
2.157295906874069,-1.0834293239398962,1,No
-1.789175696783385,0.23896985070051044,0,No
3.813644732225596,0.6606437145504398,1,No
4.286971517240115,2.403265399075104,1,No
-0.7054151953136374,-2.0990559026692686,0,No
1.000575285731775,-0.847317741513286,1,No
-0.40052239136206785,0.5397628101911526,0,No
-2.03310240527799,1.0140392745062872,0,Yes
1.3657747367983066,1.2175773927792992,1,No
-1.6146241083031012,0.326732436301812,0,No
2.479422109397858,2.3185395654549814,1,No
-0.15197388360235592,0.8485791107736449,0,No
-0.8590394104948098,-0.8794751724742821,0,No
7.092016998348484,0.7079935442266839,1,No
1.2079583630090331,0.6694370477460964,1,No
-0.22457765898176016,1.009971333676202,0,No
-2.029651099721002,-2.441805084002885,0,Yes
-2.2757828026446534,-1.1736525270347231,0,Yes
-2.6822059866084142,0.25264229043012687,0,No
5.096900058433218,-1.039558662756132,1,No
-2.269020596498123,-0.25486906758772754,0,No
-1.3513363824246387,0.6241716143494342,0,No
0.4673875218996986,-0.08509050226341186,0,No
-1.940856842112577,0.16789386043643387,0,Yes
-3.275046347057945,0.08078403077535493,0,Yes
1.4687256353990894,-2.277983017335569,1,No
1.7633887503278711,2.931560228935182,1,No
6.074423853081647,-0.5993746428942643,1,No
0.18893857893631055,-1.826550813098159,0,No
5.022859235949568,-2.0328433279495552,1,No
0.05016131128638401,2.462248796865025,0,No
1.673914780157174,2.8860876409749245,1,No
-1.0054547564529295,-0.8961361200326573,0,No
-0.44196736658946806,2.704125301636045,0,No
-0.05866568825732721,0.13941488599046648,0,No
0.1866639725766366,0.4127035129309137,0,No
1.3484730219072656,-1.1822433638381,1,No
1.8114854395660394,0.6191299973598731,1,Yes
-1.3073213542622757,1.3686653170460121,0,Yes
-2.3693342028106743,-2.137389162177275,0,No
0.16506544366855022,1.6157295515682468,0,No
-0.8011209948917527,1.819689715473471,0,Yes
0.07252185489040328,4.010702124814566,0,Yes
-1.7001460035045397,1.2671428556937998,0,No
1.3561070761452723,-2.065055019411282,1,No
-2.454333044001699,-0.13561132654604865,0,Yes
1.4074572896535567,-1.2031427558911187,1,No
4.87544875907255,0.0698621833603636,1,No
0.9830216446248687,-1.1032003591248216,1,No
1.5394068268853527,-0.7963028093535717,1,No
3.9790589309620437,-0.17635117670049208,1,No
-0.730469090406045,-0.3004141384206382,0,No
-0.6253243845307639,-1.208559035513557,0,No
1.6692471898747687,-1.1656462747285297,1,No
0.5105959681333994,-1.722940964164973,0,No
-1.1738777702911976,0.9591475908202878,0,Yes
-1.2203119934409536,0.9849127238392742,0,No
1.0275655824938659,1.9504507339781896,1,No
0.09389926211097328,1.2455878597466012,0,No
-3.5085429171178926,-1.4923560308813892,0,Yes
0.0076594733369237025,1.014889967826012,0,No
0.4691961723263445,-0.42683760855007863,0,No
-2.1071817744783945,0.3798546413325741,0,No
-1.1286643013606,-1.5090437206365113,0,No
0.6462835935766783,-2.0404376361628107,1,No
-3.0887301824393436,-0.3161279507893729,0,Yes
0.10837535610540924,0.2297183780080264,0,No
0.9715971919311487,2.5615820201571116,1,No
5.447982529486274,-0.18653215388559186,1,No
1.3660028645149964,-1.2807081436355128,1,No
2.1036819376497746,0.2805628818180345,1,No
-1.165808454881753,0.5350054002695702,0,Yes
-2.4244845106896817,-1.5378500528477446,0,No
-0.5949464788389487,2.278436646407504,0,No
0.1006898255722982,1.072221816977673,0,No
5.730360222706526,0.508967132542287,1,No
-1.5128184023790334,-0.5015749466866979,0,No
-1.116503069403338,-1.7502715785975793,0,No
-3.0646183725990856,-0.1307135464077502,0,No
6.016714204637446,1.113136917763214,1,No
-1.5813580347922127,-2.1705842167738667,0,No
-1.7199769941631793,-0.085522434966475,0,Yes
-2.7923766608870926,-0.8218527814579352,0,Yes
-1.2907604775927646,-0.46511698277972136,0,No
-1.309953317128252,0.004717002495103766,0,Yes
-1.3741207819816952,0.37773996354910094,0,No
0.7132279140513706,-1.329982727407948,1,No
-1.7290037507964675,-0.1481039943175769,0,No
-0.638130867139343,1.0160564948995054,0,No
-3.097386186312523,-0.43446119704657354,0,No
-0.1340191516097311,1.248988348709312,0,No
0.9126509465513448,2.9063237184151873,1,No
-2.4262554494579165,0.15985254627993875,0,No
1.0460264096846847,0.8738472055324685,1,No
1.6154272199744737,3.3965584479160573,1,No
-0.6585095797426164,2.1564144333490933,0,No
-1.0781640250159057,-1.2282406730737652,0,No
-2.1503242210568305,-0.9442439307048051,0,Yes
-2.6339760252354587,-2.088224162971793,0,No
2.1233312807874856,3.0323318374539796,1,No
-2.579603988017689,-1.7500450810936024,0,No
-1.1139850851576747,-0.21119364753969275,0,No
-0.6001655081863401,0.16668790532672972,0,No
-2.7750259908545423,-0.23307629767118623,0,No
2.6190126690160214,-1.9876499010132334,1,No
0.7793945742978942,-1.3219130038306184,1,No
-1.4000241645014235,0.5940517771953672,0,Yes
-2.1914883656073343,0.42448237324632837,0,No
1.7059117039607359,-0.8198110297384054,1,No
-1.5437306978758667,-0.9871974412379269,0,No
2.545221066738981,-2.3585231673447424,1,No
1.7275654762418864,-0.3886028724894044,1,No
2.1067739459001418,2.0384503097312305,1,No
-0.6124803238945592,1.3403658025145477,0,No
-2.235289521969555,-0.7354598971447244,0,No
-3.3287071431465036,-1.0348694788739565,0,Yes
0.43520125892820183,-2.0832115286516464,0,Yes
-2.65682997659439,0.661008295354597,0,No
-2.332501027691608,-0.3545858583561506,0,No
-1.7518683242555446,-1.5653808237368978,0,No
-0.3216108981252747,-2.6382893195305943,0,No
-0.12815294986299677,-1.2449863338891523,0,No
-0.42747979641422873,0.2588658190905288,0,No
-1.0879200584987416,-1.4554158175145637,0,No
-2.4735654105590976,0.32825573308017236,0,No
1.756536759059455,0.095819545949562,1,No
1.350211200826189,-0.7833274792030436,1,No
-1.9055790405461108,-0.30180601912556176,0,Yes
2.810867080539623,-1.582595732988924,1,No
0.1257106637649137,-1.87914392838393,0,No
0.049671519085704635,-0.022523234992498146,0,Yes
0.749342203949885,-0.3533622713833524,1,No
0.40499104702622496,-0.6052275235704051,0,No
1.3116670233330414,-1.2054912609194461,1,No
1.0147047439494068,-0.8255617178139135,1,No
3.4116151199420397,-1.7223980025586827,1,No
2.21629425851757,2.2243402028542025,1,No
5.098182740551976,1.805637374513169,1,No
-0.1267093179845235,1.477243131542,0,No
0.6266767637293369,-0.8226884363115597,1,No
4.4501216645624995,0.8615430960671303,1,No
-1.1472934237698456,0.7167275766369179,0,No
-0.5140009070722817,-1.0625896547437839,0,Yes
1.0222661276232112,1.2335335469477156,1,No
-0.937669986793085,1.30502050230781,0,No
-1.0294101400745075,-0.3856820186964194,0,No
5.036904070333289,0.5054155308574112,1,No
0.8789152560194397,-0.8911130684081557,1,No
-3.016638485289568,-1.0833563504343773,0,No
-1.3717915053047296,1.3426614727940385,0,Yes
-0.8045174789511766,-0.2807114347454288,0,No
-0.5703228262624352,0.7376628088785658,0,No
-2.200553193236034,-0.28908190993578164,0,No
0.5317095554483405,2.487844749324787,0,No
2.7969527958314737,3.2735716517540383,1,No
-1.7876347886565767,-1.3637592831331058,0,No
-0.07282048067240283,0.5593753968055561,0,No
-2.1119160831215265,-0.3611648679391248,0,No
-0.24911093076730595,1.1147906033775583,0,No
-0.9640008906282697,2.27589901855945,0,No
0.8023445155384273,-0.3022424475490194,1,No
-1.9969881027160816,1.9456828002854223,0,No
-1.5067194689533943,1.6753413975130815,0,No
6.098750505834294,-0.9927004122581383,1,No
0.420645671654735,-2.0462454690872405,0,Yes
-1.140842432405455,-3.1011120901754494,0,No
-0.1322637388340512,-2.029729460774986,0,No
-2.7686661211647934,-1.2217421178060286,0,No
-0.35525234292094415,-0.31735072988973523,0,Yes
-0.7644393096860717,-2.4387670982566703,0,No
2.939073029247053,3.4393459302642646,1,Yes
0.9221804320431717,-1.7141599251981703,1,No
-1.0768022166075921,-0.06733447456198886,0,No
-2.015755731720426,0.5070637817074035,0,No
-0.35863636111906283,0.7974565997722665,0,No
-1.4397000002349343,-0.8043138836439915,0,Yes
-1.4057428557322342,-0.3341935190146187,0,No
0.30780537244953954,2.9697256168155097,0,No
-1.8969520669983595,-1.41314883757049,0,No
-1.1881661259358183,0.0049602185720573014,0,No
2.0762825758769123,-0.3250250330227541,1,No
-1.1376805773507281,-0.8572797252598744,0,No
-1.9952958808713237,-0.7768323602498658,0,No
-1.8089701387114656,0.4444438663248748,0,No
0.4186502307509245,-0.7512626076063571,0,No
-1.1449413935480128,0.2191560454224789,0,No
5.691133545678076,-0.2821072421469325,1,No
-3.0700327961348375,0.4903865852637749,0,Yes
-2.7436480071299267,1.2349521716805443,0,No
-0.12011339023441854,1.9555334221921807,0,No
2.3055387726508374,2.387837355987434,1,No
-2.739535161810105,0.7423541924581734,0,Yes
1.8759279764639576,-1.0658899018082697,1,No
-1.3722169336825014,-0.5041768341158964,0,Yes
4.305171509775629,0.14189375472353288,1,No
0.03968058487217259,-0.5735843270624272,0,No
-0.6290422960250713,-1.643220301908903,0,No
8.138534734697341,0.1965979477791986,1,Yes
-1.6492085701380987,0.20839035025870978,0,No
-0.6412922962430457,1.8501488653513445,0,No
-1.9762963112734513,0.22273106069948884,0,Yes
-1.2988784574788592,1.7941239868067431,0,No
1.9511924555605566,-1.3655288475427771,1,No
-1.3767594370183822,1.4612780098514215,0,No
-1.6728088084931831,0.29794850709552745,0,No
-2.4465401093420716,0.10506487199312967,0,No
1.176281876961477,-0.4847542931494766,1,No
-0.3349683411696092,1.4969705723811155,0,No
-1.6492565649622908,-0.8113477785828144,0,No
1.8299640124760723,-1.4656103088367507,1,Yes
0.88751115043158,-1.277779992802609,1,Yes
1.2362165332781951,2.052736127021227,1,No
0.8439348396280272,-0.9607992451562708,1,No
0.9235687387098523,-0.645219729629361,1,No
0.2097890670758185,-2.589546334928408,0,No
-2.0061012058488217,1.2295819267908485,0,No
-0.8639735055834133,-1.5022134921259522,0,Yes
-3.1023700616019534,0.18684485686056676,0,No
5.302727325522488,-0.24533269140826455,1,No
-0.21988726244256135,2.1620732082623695,0,No
-2.2466141733945992,0.03604539284897872,0,No
0.11723187343339596,-2.1364300143260846,0,No
-1.6380439642447477,-0.9039112926327877,0,No
2.5301194393958673,-2.4802286179194653,1,No
-1.035869332073849,-0.029036186886749377,0,No
-1.104970062687887,1.3948781883841281,0,No
1.8558554290244582,1.643812174504563,1,No
0.8095218764970221,1.4583678222499536,1,No
-0.8800863209089966,0.7132918917460883,0,No
2.6929330491639463,1.143846315850501,1,No
-1.3026376518091696,1.127331362477941,0,No
-1.6635697622404848,1.0848063719516603,0,No
-1.748984979722495,0.2788265304557832,0,No
-1.3012957392983489,0.8745190500192519,0,No
-1.7831296098980176,0.17081795504649258,0,No
-1.479442066720741,0.21865859280916966,0,No
-1.7194974545325585,-1.5300947091241524,0,No
3.711362078849479,-2.2906275946603714,1,No
0.02284687253281302,-0.8678049824485063,0,Yes
-2.174376406114789,0.5884385856834451,0,No
-1.7424371684192979,-1.3915639706526624,0,No
-1.2721425318912978,0.6060222943557539,0,No
-1.7485235652245799,-1.0026018928192082,0,No
0.352096380202744,-1.7953895017196135,0,No
-1.997059463938846,-1.058612755152986,0,No
-0.040993853907205884,1.7062562469539557,0,No
-1.4961898421433646,0.09370983359719971,0,No
-1.9129771407650822,0.17210410691270436,0,Yes
1.5322393154727962,1.9320487661028551,1,No
2.2309483379536994,-0.8283385803243201,1,No
-1.5005653124695155,-0.4400132081748251,0,No
4.203628601984028,0.971154777671049,1,No
-0.21390567161813717,1.6678140918849178,0,No
0.6673204228236946,-2.509352915918875,1,No
0.15898573559011325,-1.4839706294522508,0,No
6.207108218269548,0.41881962101138087,1,No
-0.04335269399516834,2.8864427632986684,0,No
-1.518864252504337,1.8616258211726386,0,No
-2.6660033293465464,-0.16245343716920407,0,Yes
-1.5767794443992604,1.2300401403857384,0,No
-0.2697261430188907,-0.5395804543896007,0,No
-1.7323117435598292,-1.1581156441976008,0,No
-1.7208195265562352,3.1156847182815453,0,Yes
-1.495041982331151,1.279713253553225,0,No
-2.7740640858800507,-2.0007753363157614,0,Yes
-3.4068142166436495,-1.1882185943055774,0,Yes
1.8218338800086733,-0.8677046880973165,1,No
-1.6435092622012861,-0.98376618553005,0,No
-2.0449422828457644,-0.8116008379592413,0,Yes
-0.5350374369333681,1.4987003665857523,0,Yes
-1.8747611859802051,0.5350790554968462,0,No
-1.4667030872689508,1.2745432841687683,0,Yes
-2.9098671377925154,-0.6372971133548578,0,No
-2.464318394652546,1.3230687710206033,0,No
-0.5573144930451214,-0.7005923759716655,0,No
-1.9977098754396048,0.24239745851153352,0,No
1.492040905313487,2.9340085002478054,1,No
-0.4407085839866625,-1.8069369491395246,0,No
0.017579122219768283,-0.5119877591733419,0,No
3.54197293463971,0.5101434689710515,1,No
-1.6480763250947366,1.854498901963837,0,No
-0.4530022120945262,-1.0902447749891166,0,No
-1.61224747209993,-0.5370671600003292,0,No
3.193328024114071,-1.0526898243721143,1,No
-2.0803798488533567,0.5106927683489397,0,No
-3.0260866222563587,-0.6972296353452608,0,Yes
-0.5876164586410021,1.2342851849531717,0,No
-0.60249250660618,-2.2562287858363184,0,No
2.6868236478589247,-1.957774330543854,1,No
0.6410497837911865,-1.30384990698736,0,No
-3.33684999325363,-1.9670778014101984,0,Yes
-3.1773163107013125,-0.4125816343442959,0,Yes
0.8004018294233047,-0.13711160618180807,1,No
-1.940497939622076,2.2681502574326258,0,No
0.3806379750776268,-0.2810364369931519,0,No
1.7483885467118405,-1.8986282279411286,1,Yes
-1.0215897273945278,-0.006409358203774934,0,No
2.234375754351253,-0.5785393927865022,1,Yes
0.392533253769733,-0.32313091543560624,0,No
-2.4594216945644516,-1.3318274840441686,0,No
-1.4663334332222726,-0.78051498039287,0,No
3.9310714240210864,0.9729550532574025,1,No
-1.8302372800382745,0.21671444475157212,0,Yes
4.940985695449368,0.2654339642188461,1,No
0.8552900748096861,-0.9290848465218257,1,No
-0.960592754429317,-1.4108911944242504,0,No
1.367017616329292,0.03656675194284942,1,No
0.7257346486191019,-1.497694525593912,1,No
0.428861264612314,1.3356145733709985,0,Yes
2.228437209089127,-0.40399357882302595,1,No
0.3193649393535467,-0.15143478134948146,0,No
-2.3271500654292945,-1.8950006650216624,0,Yes
1.854780543631777,-0.6944747665049039,1,No
-2.8224022440383707,0.0014757947530058767,0,Yes
-2.1721136201331417,-0.9085243532904598,0,No
-0.9684881426501133,1.965688480211409,0,No
2.698229909531064,2.9294854947103124,1,No
-0.6352229792354275,0.8308909826342035,0,No
4.903628013325845,-0.37704353047218647,1,No
-1.7744527531293064,1.4167903496112775,0,No
0.5092688327952173,-0.28779229093796027,0,No
-0.4132696920617395,-0.9333022035649453,0,No
-1.9202973200353215,0.07276757086060504,0,Yes
3.151559333439789,1.1683170864807657,1,No
-2.3536345132729903,-0.11341347123211877,0,No
1.484823621940867,1.4613626861932323,1,No
-1.4653597963787122,-0.21427709846013512,0,No
-1.6433601624957328,0.3996123963256731,0,Yes
-1.4515265438824616,0.19373067572005934,0,No
-3.6084952934346326,-1.0934877517834334,0,No
2.4979080453111933,1.9559150958712856,1,No
2.621105530734333,0.3842823489437672,1,No
0.8452563748926494,-0.003088792078841746,1,No
-3.2285726837992974,-0.6122749120148415,0,Yes
-2.1163994951705805,-0.8218557200503543,0,Yes
-0.6354552940766299,-0.7571593575594425,0,No
-2.364709978424037,-0.3914670625056827,0,No
-0.1571268929475545,1.565782456712904,0,No
3.6568380510230227,1.1168910824910427,1,No
-1.088203128942378,0.5696676445930504,0,No
3.8287697263383733,-1.134898991641382,1,No
-1.482574579438762,-0.19411685265849207,0,No
-1.8226861690729939,-0.018001654927223994,0,No
1.2840358599422186,2.353016736387312,1,No
-1.7923107870953263,1.5446427751567011,0,No
2.644390981367332,1.6638206568111193,1,No
-1.2637242510107782,1.9242385453075754,0,Yes
1.9825371546460764,1.2384667239277956,1,No
5.419405460227168,-1.720213148400554,1,No
-0.8465328869894626,1.3191991619521737,0,No
-1.5597709157152022,-0.991832431261649,0,Yes
6.8913996251695,-1.353004632479269,1,Yes
4.411391060572847,-1.4154578390479344,1,No
2.286275152572078,-1.753136068019004,1,No
3.2884564554816844,-2.808024767855995,1,Yes
2.5575123439543104,-0.6781212359135461,1,No
-2.3202162113320832,-2.1379073791848846,0,No
2.2208723051875143,1.5006876948575008,1,No
0.4506742339367516,-0.12943382659816516,0,No
0.9172181697265058,-0.47085905039880743,1,No
1.1788576364018586,1.48006500187502,1,No
-1.1476849751979081,0.5643573315014989,0,No
3.7248356091148414,-1.2923427551808235,1,No
-1.4899385172155153,2.524534220343991,0,Yes
-2.04216477468485,0.46007500343241525,0,Yes
-2.5488518687082857,-0.3163938266448582,0,No
-3.289812937892692,-1.9084335743817538,0,No
-1.546002805766574,0.2729706987627305,0,No
3.8506232954827984,2.1092414424707355,1,No
-1.1469226510063977,0.5832312291743724,0,No
0.7687634677603595,-1.3416350606557852,1,No
-1.9218373783738716,-0.5755551963206924,0,No
2.5277249946810656,3.9543571242680504,1,No
1.6048946441410654,0.8104508735605962,1,No
-0.2352376204226954,0.5244400678910002,0,No
2.3104793972274704,-1.305475056152177,1,No
3.468265595238944,1.310568787591835,1,No
-0.09737019987131863,1.4971108738463303,0,No
-2.7801364775441546,-2.097266685911903,0,Yes
-3.081466207551089,-0.4135919514668676,0,Yes
2.3493535795440916,0.5869502234906555,1,No
0.4077185372968311,2.2124728889372705,0,Yes
0.786541292616524,-0.8887974167303125,1,Yes
-1.662729348445936,-0.16531780024082413,0,No
-0.9017197028821727,0.5721471847694878,0,No
-0.19096773481045268,-1.1901711978096075,0,No
2.4635386526429452,-0.7836730440989155,1,No
2.306568327042137,0.07189585765700429,1,No
-1.796793866509072,0.6160903672084708,0,No
0.9228670784492897,1.864931691498107,1,No
-0.1906967683356816,-1.3841497526391218,0,No
2.873070857403954,2.587138774018747,1,Yes
-0.3742253539934281,1.9213032525165321,0,No
0.8465436803913821,-2.5147852413628895,1,Yes
0.7960615189564522,-2.642429131006115,1,Yes
-1.9308910569248325,0.28044791656691226,0,No
-0.9066838125197363,-0.11167861035003725,0,No
-1.3180569415810208,1.056824360998769,0,No
-0.663495267916171,-1.430813179016173,0,Yes
-2.7199051371504077,0.41999342104595444,0,Yes
-2.0178765406983796,-0.7555015063740858,0,Yes
4.621343225260012,-0.6858290807930876,1,No
-2.7281538456087757,0.8759617887822521,0,Yes
-1.6045778075310522,0.43775854301157624,0,Yes
-1.5559788187836896,-0.9663755702236719,0,No
-2.287858925216228,1.0816953357395562,0,No
2.109100251842281,1.059328980853463,1,No
2.370987554654398,-2.0033620762120936,1,No
1.6259510400031283,2.2773432851563205,1,No
1.0561431679371982,-0.6446221162501092,1,No
-0.5430606126382612,-0.47044144582565056,0,No
0.7037719703753291,0.1555771708585767,1,No
3.742835023651155,-0.07611272632831463,1,No
-1.0844828265469895,0.5380518650889922,0,No
1.2658700809347936,2.3338949590849625,1,No
3.8749490471468926,1.843293972746936,1,Yes
4.19813324429918,-0.7583276648724478,1,No
-2.7229692040862488,-1.5611074344030715,0,No
-0.4181949665435331,1.4777224884193818,0,No
1.2913701283435,-1.4506894441200704,1,No
-2.130102625122835,-1.3395467210333287,0,No
-1.941143971724334,-0.9635018946824874,0,No
-1.2963698709046212,-0.2502073914687094,0,No
2.53103418465453,0.5445116027316743,1,No
-1.657169720349496,0.3462910684115747,0,No
-1.246447742730074,0.021664399291728274,0,No
-1.2160453222808394,0.890828984420386,0,No
-0.5172745280106903,-0.4860714195074493,0,No
-0.6911740429406401,0.9085160380148257,0,No
-2.2645943933472727,0.15741471888152658,0,No
-3.505057788658919,-0.4573798292350682,0,Yes
-1.0118312318707838,-1.2383599057448365,0,Yes
-1.871054763192717,1.5316701617892967,0,No
-2.0865467061058585,0.18724013443648502,0,Yes
-0.37734822545365165,2.1078749782783173,0,No
-1.9800960581316818,-0.40420293552476744,0,No
-0.9120387092100838,-1.9376123763784858,0,No
-1.2482009931016704,0.523534811892126,0,No
1.1862778731241936,-2.3279372049303464,1,Yes
3.2610730712031413,0.0679841372325611,1,No
4.9994958373854566,-3.0028599855098914,1,Yes
-0.12980040059912015,-0.19916003492930529,0,No
-0.7947842382311131,1.124671219075993,0,No
-1.8027790846745184,-0.0007357663480596594,0,No
-2.842071262387642,0.4928023879470936,0,Yes
-0.622687531671858,-0.9066521640270376,0,No
-0.453637779648685,-1.3580416382307294,0,No
-1.2033543785308782,1.2859711150669688,0,No
1.4604933311095987,0.2304867887750939,1,No
1.3007066932885918,-1.7160285277254959,1,No
-1.8638566869810687,0.2079581985352711,0,No
-0.6778122031847459,0.2106749571091325,0,Yes
-2.7175899392900122,-0.06688336490409161,0,No
3.4335093146511304,3.6435330897103877,1,No
-0.3665872933887067,-1.1649073107341066,0,No
-3.282587119031649,-1.6756856220904508,0,No
-1.3765054452673562,1.117637852809314,0,No
1.6452638779486561,-0.9631066866143153,1,No
-2.563480744157327,-0.4386339655737747,0,No
-1.291622814416211,0.024297358319696514,0,Yes
3.952627254109572,1.5964205939910714,1,No
-1.8135098855512068,-1.1483090556425402,0,No
-3.0978034109883645,-0.24048043635861574,0,Yes
6.6270066267630225,-1.4010580013832516,1,No
-2.297668787866626,0.09272591917096731,0,No
-1.2383941103386071,1.048701511192138,0,No
-2.2893651181997092,1.6241215541319665,0,Yes
-0.8907624595464515,1.2025454485708809,0,No
-1.6645591914134679,1.5335407089810908,0,No
2.3601285142448143,1.906790781196973,1,No
-1.0024627028518887,0.5030462871088776,0,No
2.2863344525739953,2.7585624656121497,1,No
0.8648715105188638,0.25239729367750563,1,No
-3.017869765521227,0.5811253746637104,0,Yes
-0.48003432219815073,-1.1298677430712336,0,No
-0.31449475182073444,-0.09045108169681085,0,No
1.1071581630031662,-0.26244341665752086,1,No
3.94852579653862,-4.151210202644396,1,No
-2.675605582728162,-2.066185359650058,0,No
0.1743127593095635,1.285606554568837,0,No
-0.2838146149907315,2.6498497020011174,0,No
1.481636766222409,-0.6365687831863515,1,No
-1.9842510634165287,-0.5519792197754394,0,No
-0.08603815673128269,-0.8275265630854698,0,No
1.9158462289600675,-0.5583945544464062,1,No
0.9565500649790942,-2.326510026412428,1,No
-0.592579109319221,0.6596833779471569,0,No
-1.657014911458253,-1.48515252067163,0,No
0.2858590766796218,-2.1324075012354826,0,No
0.25072942783282626,1.7621933841813966,0,No
1.7752981313851355,-1.202951820155428,1,No
-0.04516730301131989,-1.212890534357689,0,No
2.270951939473265,3.026730403597091,1,No
0.22780337440324794,-1.076864033470398,0,No
-3.2690655826541457,-1.878554522967696,0,Yes
-1.9655486079078883,0.3496552354258095,0,No
4.196570769591134,1.3026438761548012,1,No
-0.9485389382342633,0.9343517764621332,0,No
0.6408590646490016,-0.9145431596803876,0,No
0.14366202492568084,0.15018964182181063,0,No
3.331547299387726,1.4286228042826163,1,No
1.5581234198494842,2.923544065226316,1,No
0.13994493397027877,-1.3817382559331242,0,No
-2.0330663840435106,1.7083768016002274,0,No
-1.8574375817206505,0.3647063364265255,0,No
-1.2917934160195563,1.940178767262784,0,No
1.6215919450092977,2.8397477996042606,1,No
1.6114226670692537,0.8030467604743371,1,No
-2.7374352032196496,-0.014994955893494732,0,No
5.067185192449811,0.7377795575003124,1,No
1.0968268809891197,-0.4541022557311827,1,No
-3.050629665837528,-0.6819316780825762,0,No
-3.1233854345594905,-0.8649131522908262,0,No
-3.2939133044221482,-2.021475003368956,0,Yes
-1.5295932571062267,-1.9012687782300184,0,No
5.075894866992516,-0.8598146861788574,1,Yes
5.864010978806294,0.21675100289632293,1,No
-2.4871814634674076,-1.4250314422736392,0,Yes
3.4851694602421275,0.6813317951745556,1,No
-1.6181349843159476,-1.0758061336921971,0,No
6.87633138708298,-0.8237807502224771,1,No
2.670838801780318,1.5245258181976473,1,No
1.6185561944890707,-0.0736444134048763,1,No
-2.1367210776140624,-0.1753536462623748,0,No
6.524860640129426,0.03510067072499175,1,No
0.9319040525889054,0.8780263699751594,1,No
-1.9666054267653998,-0.5674962882435847,0,No
-1.079125705076773,1.9416608955972832,0,No
4.946579205477978,-3.086375944812136,1,No
2.8789487935621145,-0.6793453094870567,1,No
1.064376644315835,0.878816344102663,1,Yes
-2.0226674533886597,0.07562214334443655,0,No
-0.2718653656305556,-0.9937024024392974,0,No
-0.32237157043575865,-0.3455133884997186,0,No
0.21395742786009458,-0.2709249967078497,0,Yes
-2.2779091169916805,-0.47646181551850236,0,No
-2.510465079596287,-1.1188348779169457,0,No
0.29092806374237257,-1.5536203812336673,0,No
1.2645988609600192,1.6299741728137311,1,No
4.594071776120678,1.1697712815835797,1,No
-1.112756487933964,1.5749508765645943,0,No
-0.6620646033999065,0.2610532742921361,0,Yes
-1.6152222701611378,-0.5530632699525763,0,Yes
0.06783419541203282,-0.9484397521080873,0,No
0.8772488359773928,0.4889338398626107,1,No
0.3629226839249751,0.8680052790695313,0,No
0.7345653440333172,-0.8502679018797484,1,No
1.9365131533360966,2.528696533016688,1,No
-0.16682017947329128,-0.289475455526859,0,Yes
1.8684977545487222,-0.05055936480551965,1,Yes
0.5574137255717679,0.29049000268466096,0,No
0.016804889027217378,-1.4832695714177129,0,No
1.7292732648814844,-1.8997051846074569,1,No
2.0174924393079667,-3.1163253454964086,1,No
-2.10566764992737,-1.6844893133224035,0,Yes
-1.2143688752476085,1.3718563493331413,0,Yes
3.74899625644628,-0.5119901318263032,1,No
5.668393193376461,0.12705267207968907,1,No
4.540440459891416,2.8527382151577028,1,No
-1.6539022135227766,1.7354179843932986,0,No
0.9422554205755616,1.050695397758192,1,No
0.9928490371302947,-1.644595515569534,1,No
0.06928057124209074,-0.8136852402392061,0,No
-0.5975117629535232,-0.5430867043395599,0,No
5.323247558020847,1.3899902414053311,1,No
0.5226539366684408,-0.6307364289192113,0,No
0.9655246401177371,-2.8460337046495017,1,No
-2.0031653344149056,0.7016697714581952,0,No
3.826129176328776,1.5630621115745866,1,Yes
-1.3982436307241208,0.5791442930492077,0,No
2.0249647694596717,-2.0696260494481282,1,No
1.4584026014709193,-0.29286680057522274,1,No
-2.622212082528277,0.45216779378053823,0,No
1.7476486834351637,1.790727624516519,1,No
-3.36799081991203,-0.4464932051382349,0,No
-0.36684465790220394,0.3019174068842949,0,No
-1.7582124026345602,-1.9556927604200198,0,No
3.859075974593048,0.0457827678594237,1,Yes
6.463394582289563,0.02859979206321832,1,No
-1.965118353273089,-0.4325899596574058,0,No
2.5168434601486327,0.09764264282640624,1,No
0.8745515804450027,0.06285786962256029,1,No
-2.6381417180796474,-0.3730411954346627,0,Yes
-1.0339840704002392,-0.7105876506048274,0,Yes
-1.5953432167815658,1.0056838854262955,0,No
1.9995267947096993,-1.2694635430393284,1,No
-1.1765202708765992,-0.8064930549977627,0,No
0.3693759186421466,-0.008869187460471356,0,Yes
-0.30183781668646953,0.028631460834484878,0,No
0.6147858784923236,0.14494542599493207,0,No
-0.16489169023929262,1.0457609162271018,0,No
-1.2210750811085511,0.5224854537714978,0,No
-0.6283442496403094,-0.36091553834519946,0,No
-1.7024136508187337,-0.6695728594468348,0,No
0.63479004150828,0.7848284369882566,0,No
-1.688771178015152,-0.7265888498182663,0,No
1.6367419815271744,1.9456043350265473,1,No
1.544028262768524,-1.296894047833788,1,No
-0.8129114524996428,-1.4131948935586591,0,No
-0.5825177716717409,-1.5895306712491277,0,Yes
-2.263766551597291,-1.419898916863657,0,No
3.5367049003695312,0.767656328774382,1,No
-0.2374475658257844,2.2034238573004137,0,No
-1.6759096675854248,0.43370294922668523,0,No
-0.4460873198970667,0.29832057333335243,0,No
-2.054527256617696,0.8581320545026286,0,No
-0.8604357421336127,-0.8637559019716943,0,No
0.9002174014997286,-0.5031947638782964,1,No
-0.023521946005288886,0.543353002511564,0,Yes
0.8843767880461121,-1.350529835976189,1,Yes
5.166169735387398,0.16406244469765907,1,No
4.236849253166426,1.6942721740464497,1,No
2.7151567629468887,2.862804570319636,1,No
-0.28922948463655257,-0.03686887256797378,0,No
-2.892978853267395,-1.4218225329513376,0,Yes
-1.1008065348678657,1.0888056625676295,0,No
0.34714731630300166,1.17935438559576,0,No
-1.132805686738209,1.2719924602293844,0,No
-2.891294416932797,-0.6396978644537524,0,Yes
-2.0804224974626893,-0.3012042381407844,0,No
0.2589964224462726,-0.6125845711593615,0,No
-0.859111709404913,0.5182853188463947,0,No
-0.31373180635337045,1.3056357408667323,0,No
-1.9743735420286188,-1.275139495758154,0,Yes
-1.3076269093041546,-0.4671688919696566,0,No
-1.4739003969983535,0.47794821618234024,0,No
5.149889177887841,-0.12031409683310268,1,No
-1.5175665289335747,-1.10241031556707,0,No
-0.6585534843175125,0.41434719956404226,0,No
-1.3451498863411635,0.9096908166062097,0,No
-1.5389183904144121,0.5386269209307579,0,No
0.4969506131965435,0.9803594718175267,0,No
2.171052409439507,-2.440203126450131,1,No
2.157152940430737,0.5151594094001485,1,Yes
-1.9047003289034876,0.0015078236735741823,0,Yes
1.1883250508208973,-0.6494695680795601,1,Yes
2.0385466271660233,1.6795030608200756,1,No
-1.8698423030147213,2.1057763152508673,0,No
-1.6296162702652448,1.5439863816460893,0,Yes
-0.0970103506379477,1.7428823513222087,0,No
-0.18174321354550066,1.6907484655587055,0,No
-1.851976422222243,0.9912792834257363,0,Yes
2.1388882499739297,-0.2993244580715689,1,No
-0.9702833257126738,-1.5743839587354076,0,No
-1.3218160961431833,0.4442565051116401,0,No
4.463123131980731,0.739644657385401,1,No
0.15934530895108848,2.5110406213310936,0,No
-1.604680353665401,0.7023811862651738,0,No
-1.3558878781919603,-0.07662056891385381,0,No
-1.3044093337340106,-0.8586816740869055,0,No
1.4188557763774106,-2.4380689991138746,1,No
-1.5931461243806073,0.7401834345459256,0,No
0.84947753537491,-1.5417486275734944,1,No
-1.0843499485570907,1.4875485538282551,0,No
-2.9109256564858326,0.5028007813835376,0,No
1.398373604574227,-1.1346405499662546,1,No
2.63546058725278,2.530448979625978,1,No
3.4261211910264486,1.0260565497938945,1,No
-2.1076868477714066,-0.8219712768359616,0,Yes
-1.4823316133160434,-0.8289074795657075,0,Yes
2.108599402220139,-4.1106702283546275,1,Yes
-2.881372221936941,-0.7479993896027063,0,No
-2.879254611370866,0.5189977225817001,0,Yes
-3.087197209709302,-1.0640894962311642,0,No
0.06772688899747362,1.24698347367636,0,No
0.136129000123015,-0.6066227075621371,0,No
-1.5806634941272342,0.17093656905247906,0,No
-0.6922412051399066,1.4383177407786734,0,No
-1.1525105319086404,1.419873154729483,0,No
-0.3594178477891733,0.02359293905043178,0,No
-2.549657118405441,1.04727332265362,0,Yes
-2.913550841092668,0.7390017898156164,0,No
-1.5148382507170002,-1.7080044406801809,0,No
-0.5978751084799762,0.6539674149094425,0,No
-2.1205520716292288,0.4341009062827114,0,No
-0.22084888661975743,-0.5281573384908427,0,No
-1.3252338193048834,1.3434363111905392,0,No
-0.578150766212777,-0.28611537198823017,0,No
4.383969491144651,0.7187422710114745,1,No
-0.5688364183479331,-0.5715998850672678,0,Yes
5.687648939611144,-1.0384222269796008,1,No
-0.48265160854424705,0.902872117943159,0,No
3.728491409147549,1.2435586441264435,1,No
1.0064225473485153,0.028012660855518897,1,No
-1.94732586410074,-0.7405964521088911,0,No
-1.0409014902452893,1.0597405136838656,0,Yes
1.412248272051002,-2.1058858688464004,1,No
-0.6021200645197269,-1.6740281713605025,0,Yes
5.961103677942584,-1.123113322548824,1,No
0.23852610547443598,-3.5187499251355763,0,No
-1.993493140069729,1.7907371520303539,0,No
0.46416296772483223,-1.5360370051316126,0,No
0.226423056282142,-0.11402433195971858,0,No
-1.3129407966484938,-0.19901433914726893,0,No
-1.1665953285654493,0.03967995022347448,0,No
4.116075164014192,-0.34459686962278036,1,No
-0.09273447459060837,-1.4225661499841253,0,No
2.00027319989931,-0.9504414091241112,1,No
3.6797780963965847,-0.6661370397035093,1,No
-2.7828308268136945,0.5943784653040377,0,No
-0.9622560544716595,1.3990745303561956,0,No
2.0539302814325446,0.824203221060633,1,No
-1.3087663424216043,-1.7971191913216833,0,No
-0.44819742077156566,0.11124022662220487,0,No
-1.8076489984964867,-1.1677347964308107,0,No
1.9795707967555287,0.5154575764510326,1,No
-2.579726930408125,1.3741254961394407,0,No
-1.034026604063744,-0.06255539525498625,0,No
1.0836908675750967,-1.812966032300505,1,Yes
-0.4049456133967747,1.9680740066520408,0,No
-2.222469872291124,-0.042349218131757016,0,No
-0.35763861266156827,-0.12123985481474601,0,No
-2.435660319924576,1.43141337743084,0,Yes
4.6070351657342865,-0.34987512571269713,1,Yes
-0.7449136839394206,1.2089339871308757,0,Yes
-0.7674523027957099,0.3652739207595853,0,No
0.2508360995317052,1.049975440012983,0,No
-2.756326969830637,-0.1850490826224425,0,No
6.855530744066956,-0.6788174261743041,1,No
-1.0042582374241118,1.7052794992887923,0,No
-3.0609793709456317,-1.0379235243505338,0,No
1.3546376852663533,-1.462661649843503,1,No
-1.1878139855878995,-0.8993183194439892,0,No
-1.15300319052748,0.5486786902202229,0,No
-0.46292667458287706,-1.1197645141685209,0,No
-0.6157945288031355,0.6235804151640069,0,No
1.2138877514734496,-0.9945415842037139,1,No
-0.6115508733806319,0.7384208992094031,0,No
1.9907145174281708,2.879648835579229,1,No
-2.317842413825474,-0.3561114840901159,0,No
-0.9243587709956395,1.8262762923764673,0,No
1.5282388888596266,2.5850572390215105,1,No
1.0342055925610134,-0.57382183684591,1,No
0.2454699961007566,-0.008371457211807376,0,No
-0.9014816124507796,-0.6975888227663132,0,No
-0.7749296055689705,2.001753533634891,0,No
-2.5970026891586664,0.5869847816221334,0,No
3.9420318535469208,-0.1673759844623615,1,No
-2.671714453571328,0.783611305747973,0,Yes
-2.2870394113085672,-1.2683950155667798,0,No
6.2774834664176655,-0.20582984218838943,1,No
-1.7851021859842107,0.4165923978580745,0,No
4.495982046139195,0.2992063266056759,1,No
-1.7653513982858922,-0.5733924652711083,0,No
0.537920453322528,-0.06612179770293827,0,No
0.6253259493627019,-1.6371938916213231,0,No
-0.9586338805025858,-0.06315121487888133,0,No
-0.9607173980964767,2.362240282085523,0,No
0.38824395470393946,-0.28052383782771056,0,No
0.04568272630622158,0.8019316493175875,0,No
1.0673371813980006,0.44672048180383145,1,No
-0.6419169553236023,0.0034992163517504056,0,No
2.200248326607561,-1.3172611957641225,1,No
-1.465729090951358,-0.5431975031907404,0,No
-2.641097037745208,-1.3626995658624488,0,No
-3.5545065227868204,-1.897891137808462,0,Yes
2.537106396143992,3.878866024578675,1,No
0.36227478422538834,-0.25950960727990463,0,No
4.687490519891606,-1.697574743555961,1,No
1.6582642611565572,-0.7647873470556937,1,No
-0.834010105735252,1.4196396106860107,0,No
0.07761745792490664,-0.7336663007845605,0,No
1.0433575081827549,-0.4354626067564568,1,No
-0.1841387104359617,0.4371443448010129,0,No
1.8984421005671652,-0.3989824738972732,1,Yes
-0.057226483774723835,-0.7545626268532897,0,No
0.4887776533905088,1.3734958315146508,0,No
0.5608781432570684,1.911375375360156,0,No
1.644918972308234,1.4772345519597112,1,No
-1.0722099718471636,0.6781225677852541,0,Yes
-1.9507661911275544,-1.702283203938112,0,No
-2.0383083584954136,0.5478439706623949,0,No
-2.1324530824185053,-0.5274519122837762,0,No
-1.459589653016483,0.864739395366423,0,Yes
-0.9149015097597666,-0.20018718697032936,0,No
-0.22373745948102555,2.1872681352049654,0,No
-0.4925945879383454,-0.5936673381773421,0,No
-0.9296828632301526,0.21758922715093879,0,No
2.0588080453634254,2.3213469005507807,1,No
3.6810253694041393,1.329140603351072,1,No
-2.5872685575235552,-2.437314376123373,0,No
1.3876166043293583,-0.8531671991031534,1,No
-1.1060492550424272,0.2400064014800902,0,No
4.424408842406658,0.13416912164652314,1,No
-1.3353056469749165,-0.38688475019672847,0,No
-0.1282112302922861,1.6922643031103999,0,No
4.4701955034416105,0.9736335347728088,1,No
3.655556350594182,-1.4981145769561848,1,No
1.0256593363931379,-3.104074954475789,1,Yes
1.7920566857172546,0.0746469017293732,1,No
-0.49970473497440826,-1.012580283366661,0,No
-0.9149319375277499,-0.2523789141586252,0,No
-0.04696679411871867,-0.083116740158791,0,No
-0.8506452555946244,-0.1492020053745939,0,No
-0.548064383089501,2.1244853130364634,0,No
-1.4175732338718938,-1.2976347244625708,0,No
2.318846334401514,3.549426712824987,1,No
2.062980772566506,1.6973726980673853,1,No
-0.29428238485189684,0.4373298974189012,0,No
-2.8938594755598372,-2.0453007574887554,0,No
-0.7155192093279822,-1.5588069179136244,0,No
-0.7883599004077916,2.569796922318976,0,No
-1.0737671111285823,2.5668011395743657,0,No
-2.026900535073946,-0.6303596355068664,0,Yes
-2.150056793812418,2.095503390519736,0,No
0.38272557368991866,2.085113577095199,0,No
1.0620054262604113,-1.2153205405349414,1,Yes
-2.794704514419459,0.7117032017018596,0,Yes
-0.6064400649664585,-2.373397633960067,0,No
-0.8319679746346957,1.9673814397540412,0,No
1.8537582933524956,-1.6164110090651889,1,No
0.6703224949584421,3.0493190412666524,0,No
1.2294940961298397,-1.2636449518033728,1,No
-0.3550562474046573,-0.12018510288385224,0,No
0.6054973222802943,-2.1245837845552584,0,No
-2.466117423387973,-1.3795577302489717,0,Yes
1.552269334489515,0.4191718326984472,1,No
-1.2282717365516596,-1.1541367339993938,0,No
1.571031016275938,-1.9359159869414226,1,No
-1.7537216849657589,-0.4640033755472188,0,No
1.774109251439992,-2.12245320552652,1,No
-1.2230318076212288,1.5816321250973135,0,No
1.3065728792058606,-2.0490563317980675,1,No
4.614960836155032,-1.2566121182787406,1,No
-3.081752810448047,0.8865360740695913,0,Yes
4.920802753707817,-0.7100480144681212,1,Yes
-2.137380432437847,0.37140996624378436,0,No
3.8276223561574882,-0.8280341601404967,1,No
-1.3605643252815964,0.5335116571327919,0,No
-1.5346605423426283,0.5920026958967779,0,No
-0.605176011825349,2.151335660806162,0,No
-0.9638673309628288,1.4946393849270183,0,No
-1.7799057837773768,0.5480841590642146,0,No
1.4800499420673652,0.9535306146715296,1,No
0.6482369608827332,0.1288999988419458,0,No
-1.189266131479428,-0.8861467957765445,0,No
-1.4585508735261743,1.5955575038957077,0,No
1.0558204969481852,0.7253401039822025,1,No
-0.28994737978653884,1.649715190883497,0,Yes
-1.7590202240258377,-0.019246416318213423,0,Yes
-2.4302032443836143,-0.7324798404882308,0,No
-0.9451361727593129,-1.6082231217299217,0,No
1.0375235269750713,-0.4049872010887054,1,No
-0.3752239694478428,0.09579812171126802,0,No
5.110939439149911,-1.295091889037731,1,No
0.0822624231155674,2.0664033645594184,0,No
-0.39680090181268896,-1.5208067900238489,0,No
-2.3626779076861166,0.5752650571732171,0,No
-1.5919620709231668,2.28726384036287,0,Yes
-1.181600140194035,-0.8082513360509177,0,No
-1.7425277576276892,-1.0933332923030559,0,No
-2.2384100421057487,-1.996922208089998,0,Yes
-1.054825611793338,1.7048872799927723,0,No
0.5614479738175345,-0.8067682180063347,0,No
-1.8596481542609251,0.45179837543841955,0,No
0.5242765690341746,-0.8715159020757323,0,No
-0.5956387661645244,-0.017650862192284174,0,No
-1.1703720695453441,-0.5040748442527475,0,Yes
-1.2326002802293112,0.6288576092425812,0,No
-1.0637215308649153,0.9183050916326393,0,Yes
-2.798077860034307,0.43808906912071693,0,No
-0.4896062238766437,0.8077248162027285,0,No
-0.5962582142724115,-1.3633546396398766,0,No
-1.0022987682632574,1.906543803315728,0,No
-2.075539014561427,1.633716961805504,0,Yes
-0.966940598562555,1.6306046708653368,0,No
2.5598203097198278,4.643179875756593,1,No
0.26219031742491883,0.25471801871261934,0,No
-1.1404176039157523,0.7936985186638643,0,No
1.3488046543250591,-1.6735671541483201,1,No
1.8123968905982981,2.5998296259395506,1,No
0.012050836370195984,-0.26223246207294426,0,No
-1.2534482816605024,-0.9057533457273726,0,No
-3.2825100394126525,-2.0769536100852033,0,Yes
-1.2440345411158464,0.05454525985213814,0,No
-3.1753348967103197,-0.08313373157756662,0,Yes
0.9602751414456496,-1.9257650568551445,1,No
0.783742908287927,1.7772364817433532,1,No
-1.2774909644633898,-0.7137510700281967,0,No
2.3299216488942966,3.380216668173893,1,No
2.079690570211391,1.641500734854016,1,No
-1.158429328341442,0.8757494698048358,0,Yes
0.387270401085483,1.4353765806671517,0,No
0.7863641767787583,-2.425674944391561,1,Yes
0.6493464057357956,-0.2164480809870478,0,No
-1.9365446657223342,-0.4486304439990043,0,No
0.0781360157413988,0.4434865293413879,0,No
-0.7307917880266769,0.3165741179674944,0,No
-1.376911076892523,1.2241942926823701,0,No
-1.2720182474810076,2.999379919855367,0,No
0.398200047092822,-0.07741867281951051,0,No
0.9252998195225278,1.6027638929918702,1,No
-0.29265746635737105,1.0561443962874497,0,Yes
-0.13235472942341134,-0.6232776351700888,0,Yes
-1.19058047783172,-0.11398980706194169,0,No
-1.5853691959708875,0.15509498076672534,0,No
-0.665153859926919,1.49429710150149,0,No
4.21022378571147,-2.2604681757902774,1,No
0.15770678687628417,0.7983723940289685,0,No
-1.9015117197998552,0.39759236690429506,0,Yes
1.3917030772913208,0.1573582178354243,1,Yes
-0.15640893781883589,1.9810223809733452,0,No
0.6983756996525304,-2.3339849795312904,1,No
6.573830054736613,-0.4970212902431195,1,No
-1.3743225839207227,-0.15048493498736124,0,No
5.255544652413225,0.397622542532851,1,No
1.0536474606678417,0.7169183452016655,1,No
0.6055128802099133,1.1524428871046384,0,No
-0.26862722730149174,0.18369721826034838,0,No
-2.1235696500673074,-0.8925122122994372,0,No
-0.3463695412571571,-0.5856813807426321,0,No
-1.5844654929635082,-1.874214184132167,0,No
1.9204246747118365,2.357086550806357,1,No
-3.5212485460309564,-1.0879846052757443,0,No
-2.4920047806509493,1.5330076650143796,0,Yes
-1.9585813344943133,2.3627129988338345,0,Yes
1.022625494194045,-1.4246541517141214,1,No
-1.0845123459666668,1.101337315282073,0,No
0.7851828883873223,-1.9498478125534895,1,No
-1.9440609872679133,-0.6297395981602931,0,No
0.2297200761197973,-1.9667923796826399,0,No
-2.044312573259122,0.6544389197619713,0,No
-0.7754591460912925,-0.38586490298223636,0,No
-1.4016643850721793,1.124738985270664,0,No
1.7093387486782758,0.6097319365800971,1,No
-2.0112416828397643,0.7372587825648789,0,No
-0.40665839617858685,2.0075349194959653,0,No
-1.98146135294251,1.6119598869894474,0,No
-0.8389384755599938,0.3323394679471926,0,Yes
4.5225360275204745,-1.0127042765110077,1,No
0.19322780436652132,-3.6364727074105145,0,No
-2.911559971358472,1.070775232990444,0,No
5.4301607106579475,0.3562849651712737,1,No
6.169597531560816,0.1669665839494483,1,No
-3.037484873756856,-1.4063805347767828,0,Yes
1.3195790073206424,0.010120332307629237,1,Yes
-0.48646808651486734,-1.2129473253488094,0,No
-0.8641054027753664,2.095275481481619,0,No
-0.20510235820954867,1.3305884269505732,0,No
-2.8793014114416833,-0.8218215165450936,0,No
-3.131871803641542,-1.1359530735278662,0,Yes
-3.378030841373037,-1.4067772348588183,0,Yes
0.5744427409331643,-1.7501636723705778,0,No
-0.18787079616471758,0.404146221667386,0,No
-0.32460743716129015,0.7817765036150304,0,No
-1.7302303806926536,0.3306172148247772,0,No
-0.3480946376038423,0.6309519413849614,0,No
-1.4991958807789942,-0.033933062374341044,0,No
1.011025022814281,-0.30974672855804536,1,No
-0.533316955207971,-0.18548252123436512,0,No
5.229674967684916,-0.051731500392549375,1,No
-2.8800639882202876,-0.01487273492557909,0,No
-0.340068054435923,-2.435066993783052,0,No
5.230941558795673,-0.061039221417421,1,No
-0.714881709887082,1.9062487947269096,0,No
-1.8307267150731588,-0.8503081347286073,0,Yes
-1.456639487190195,0.8119065872501708,0,Yes
-0.7774809101217778,-0.24005464669713553,0,No
-0.12439912074640545,-0.5584439355323908,0,No
2.6458973111498163,1.2860977086325032,1,No
-0.8115263267434394,-0.13421970834495625,0,No
-1.1793733215423274,-0.33816158179194405,0,No
-1.5661844497736284,1.9854928955791469,0,No
-0.30211704161186476,-1.5823994007422169,0,No
-0.42150586898289216,1.5273452093919875,0,No
0.024281682160457896,-1.9423941300556273,0,No
-0.2892631511911998,-1.6960798673011357,0,No
-3.1294893066190164,-1.5282176997187682,0,Yes
-0.6749831205928748,0.13513892583145803,0,No
-1.8573090801158059,-0.22947992333062797,0,No
2.0133208901274653,-2.0426259588655755,1,No
-1.3295135601992203,-0.2206836473019135,0,Yes
1.0099980265987267,0.6457389746991413,1,No
-1.0126174426646875,1.596868906833028,0,No
0.42250909549343885,-1.042673314405454,0,No
1.6694330124142234,-0.9335799121650376,1,No
1.9275654524594474,3.189412143606534,1,No
-1.9665922839025842,-0.5556709352408911,0,Yes
-1.1536224377570985,0.8473821181946711,0,No
2.9973932145683033,1.5158314381055131,1,No
-1.1251086457214525,1.3677027116165088,0,No
-2.750923883271803,1.0859268999639313,0,Yes
-0.9015182169712687,-0.5705943435766258,0,No
-1.8809069586250444,-1.3362652253771308,0,No
-1.7645814209029533,-0.25885708165536786,0,No
-1.523950616900252,-0.31786592768182675,0,No
0.8796191871189512,-2.246342899888748,1,No
0.2765446056866297,-0.272925979019852,0,No
-0.408003188262622,-1.6195261987475995,0,No
-1.2367536139080566,0.571882789918346,0,No
-0.7077462963000553,1.4511379742684245,0,No
0.8098035294203575,-2.600149400675672,1,No
-1.8990176398510556,1.1227648838636137,0,Yes
-1.6797632567568086,0.05798944060034341,0,No
0.6029612939234815,-1.4770918682398826,0,No
-0.6348456014578993,-2.5306245379622356,0,No
-1.3774119301246164,1.1760957099075207,0,No
0.23617613232719062,-1.7884390662379321,0,Yes
0.587683556336817,1.276610400047444,0,Yes
-0.35505039542737976,0.9167123753150823,0,No
0.5738302287800311,0.008728253076645213,0,No
1.5075308484791632,0.12472659820964392,1,No
-1.3675640039697703,1.522588473434611,0,No
4.493387083404738,3.2661569266118655,1,No
-2.8072272584067344,1.1441046402552422,0,No
4.192585392674025,-2.51254600946153,1,No
1.833906463190444,-1.8827330043968369,1,No
1.696467125067378,-1.0728474485898731,1,No
-0.20849990103186855,1.145913434063332,0,No
-1.6387312409721937,-0.14895276182869657,0,No
-2.061997318247735,-1.0884206555416926,0,No
1.2970834956159523,-0.6663553274077167,1,No
1.530409117734618,-1.6793430216892835,1,No
-2.201911225383841,1.4685145992937194,0,No
-0.06712549813146425,-1.0094333609574864,0,No
-2.0820811320659094,1.2212234977450231,0,No
4.501278342278417,-1.8746652381609277,1,No
-2.562009060621072,1.3637946557058116,0,No
2.0161042653391528,-1.9693315972872494,1,No
-2.2601723831539857,-1.320163708194966,0,No
0.6360205178867822,-0.00939157679446928,0,No
-0.4793176889059104,1.6777993027173492,0,No
-1.3076777551682164,0.053558577752248725,0,No
2.6742434345298984,-0.8929439435446199,1,No
-1.5572148649928355,1.7965591114524921,0,No
-2.407927046591939,-1.1241697081079003,0,No
0.18715499750227152,-1.477337245932385,0,No
0.24853680355994792,-0.5022381441101658,0,No
-1.3578238769875581,-0.41835124709540256,0,No
-1.8905039999390543,2.5896610726115337,0,No
-2.0592638182591436,-1.2585576395561189,0,No
0.4088055294683627,-0.4602162980625831,0,No
3.64899769797306,-1.2163717248273207,1,No
2.2017780802096123,-1.731544667797462,1,No
3.006975077123174,-1.791090589997054,1,No
-1.3884105834758087,-1.5923130486647423,0,No
0.08888752388561909,-0.0363260358857018,0,No
-1.439573934614826,0.5390963887330216,0,No
-2.825357581055442,-2.1261083191172343,0,No
1.848106916263222,1.5479903009174236,1,No
-3.0680370413349944,-1.3046356527541305,0,Yes
0.7109896211122589,-1.2888761681085643,1,No
-0.389699416134057,2.4722924298041447,0,No
2.254194543516158,-0.009213340822206387,1,No
-1.6424260784915992,1.5068625496075092,0,Yes
5.053408848878661,0.4390129195064313,1,No
1.6704026476991327,0.6290447819936357,1,Yes
3.362582356762619,-0.903553721856164,1,No
0.22236161380787361,-1.7805139542514534,0,No
2.690427904488634,-3.6538577604884614,1,No
0.12677113187478245,0.1770610896690637,0,No
-2.1131076973969942,-0.7334355158641476,0,No
0.3045040413131232,0.8731858340076265,0,No
0.5668237555790921,-1.5179608950126469,0,No
0.017153932881448803,2.0078062943228647,0,Yes
-0.8951474148217973,0.32891620889811374,0,No
-0.7433985339977911,0.3157799700005858,0,No
-1.5174295028250018,0.05254659095746998,0,No
-0.3873922072267209,1.5153549962551967,0,No
-0.7099679455442405,1.2411569540402436,0,No
-1.7056429754330908,-0.2365467186959629,0,No
-1.1400931673120656,0.8504703885190414,0,No
-1.58344634047635,-1.017596490286713,0,No
0.762742100444223,1.432533184241837,0,Yes
3.5294791896928626,-2.1500123535379854,1,No
0.07954965861750292,-1.2513474218904423,0,No
-2.443541636552632,-1.921924128783254,0,No
-0.7065972793442171,0.951365758342022,0,No
0.9244969627824765,0.48628375494149284,1,No
-1.2290866021490643,-0.1440525230851548,0,No
0.9101958944220401,-0.753462553799812,1,No
-1.1620539282769782,0.48141615496497897,0,No
